Model,ROC-AUC,PR-AUC,Precision,Recall,F1,ΔROC vs GAT_aff,p-value (vs GAT_aff)
GAT_baseline,0.49973377415121945,0.695270227121154,0.9673332588537593,0.49911228960110676,0.6666666666222222,-0.44880976593025,0.0
GAT_affinity,0.9485435400814695,0.9739350103233457,1.0,0.942487126277765,0.9735923478447198,0.0,
GCN,0.9833460671961997,0.968035699472259,0.968724788095499,0.37375682115133346,0.9825462302567068,0.0348025271147302,0.0
SAGE,0.9816067219414875,0.9613264630537425,0.967614205928684,0.5193182691568673,0.9826315659789517,0.033063181860018,0.0
