Model,ROC-AUC,PR-AUC,Precision,Recall,F1
GAT_baseline,0.501044751133633,0.6963443669936383,0.967208853238265,0.5004438569051453,0.6666666666222222
GAT_affinity,0.9482205373166447,0.9737692303326293,1.0,0.9421256710693685,0.9734221758836321
GCN,0.9832146393773726,0.9679801795452947,0.9689746046957355,0.3730242603345644,0.9824218970712991
SAGE,0.9810773812185584,0.9602867825941954,0.9668068456864607,0.5203693811750871,0.9821938464000143
